{
  "dynamite_friction": {
    "model": "dynamite",
    "sweep": "friction",
    "n_seeds": 5,
    "seeds": [
      42,
      43,
      44,
      45,
      46
    ],
    "x_values": [
      1.0,
      0.7,
      0.5,
      0.3,
      0.1
    ],
    "raw_values": [
      [
        1.0,
        1.0
      ],
      [
        0.7,
        0.7
      ],
      [
        0.5,
        0.5
      ],
      [
        0.3,
        0.3
      ],
      [
        0.1,
        0.1
      ]
    ],
    "per_level_mean": [
      -4.472586190524124,
      -4.458857873279618,
      -4.447417276329609,
      -4.4343748763918835,
      -4.439800043806338
    ],
    "per_level_std": [
      0.13358296929838143,
      0.12458117172620449,
      0.13146349107118857,
      0.10815561752496398,
      0.10693407564078627
    ],
    "overall_mean": -4.450607252066314,
    "overall_std": 0.12055728776593252,
    "nominal_mean": -4.472586190524124,
    "nominal_std": 0.13358296929838143,
    "worst_level_mean": -4.472586190524124,
    "worst_level_idx": 0
  },
  "lstm_friction": {
    "model": "lstm",
    "sweep": "friction",
    "n_seeds": 5,
    "seeds": [
      42,
      43,
      44,
      45,
      46
    ],
    "x_values": [
      1.0,
      0.7,
      0.5,
      0.3,
      0.1
    ],
    "raw_values": [
      [
        1.0,
        1.0
      ],
      [
        0.7,
        0.7
      ],
      [
        0.5,
        0.5
      ],
      [
        0.3,
        0.3
      ],
      [
        0.1,
        0.1
      ]
    ],
    "per_level_mean": [
      -4.174693626403089,
      -4.186571179483451,
      -4.143025245574445,
      -4.216463064193725,
      -4.316298954378002
    ],
    "per_level_std": [
      0.04644785144962995,
      0.06535880784690876,
      0.06363813576418705,
      0.05210631048108662,
      0.09797406270261359
    ],
    "overall_mean": -4.207410414006542,
    "overall_std": 0.05293901440963142,
    "nominal_mean": -4.174693626403089,
    "nominal_std": 0.04644785144962995,
    "worst_level_mean": -4.316298954378002,
    "worst_level_idx": 4
  },
  "transformer_friction": {
    "model": "transformer",
    "sweep": "friction",
    "n_seeds": 5,
    "seeds": [
      42,
      43,
      44,
      45,
      46
    ],
    "x_values": [
      1.0,
      0.7,
      0.5,
      0.3,
      0.1
    ],
    "raw_values": [
      [
        1.0,
        1.0
      ],
      [
        0.7,
        0.7
      ],
      [
        0.5,
        0.5
      ],
      [
        0.3,
        0.3
      ],
      [
        0.1,
        0.1
      ]
    ],
    "per_level_mean": [
      -4.768554018708476,
      -4.716377520610714,
      -4.671863826259786,
      -4.649737678396302,
      -4.61107031218017
    ],
    "per_level_std": [
      0.41474282928050027,
      0.3702603897753885,
      0.3520908718350955,
      0.32973902769459407,
      0.3242632489812643
    ],
    "overall_mean": -4.68352067123109,
    "overall_std": 0.3486132536586354,
    "nominal_mean": -4.768554018708476,
    "nominal_std": 0.41474282928050027,
    "worst_level_mean": -4.768554018708476,
    "worst_level_idx": 0
  },
  "mlp_friction": {
    "model": "mlp",
    "sweep": "friction",
    "n_seeds": 5,
    "seeds": [
      42,
      43,
      44,
      45,
      46
    ],
    "x_values": [
      1.0,
      0.7,
      0.5,
      0.3,
      0.1
    ],
    "raw_values": [
      [
        1.0,
        1.0
      ],
      [
        0.7,
        0.7
      ],
      [
        0.5,
        0.5
      ],
      [
        0.3,
        0.3
      ],
      [
        0.1,
        0.1
      ]
    ],
    "per_level_mean": [
      -5.770649904691256,
      -5.62890250022323,
      -5.507609529593667,
      -5.439689096353971,
      -5.418167978603893
    ],
    "per_level_std": [
      0.6845484943035981,
      0.5944904587244892,
      0.5245492264165565,
      0.5147569001051467,
      0.5302420406247278
    ],
    "overall_mean": -5.553003801893203,
    "overall_std": 0.5624524691475156,
    "nominal_mean": -5.770649904691256,
    "nominal_std": 0.6845484943035981,
    "worst_level_mean": -5.770649904691256,
    "worst_level_idx": 0
  },
  "dynamite_push_magnitude": {
    "model": "dynamite",
    "sweep": "push_magnitude",
    "n_seeds": 5,
    "seeds": [
      42,
      43,
      44,
      45,
      46
    ],
    "x_values": [
      0.0,
      0.75,
      1.5,
      2.5,
      4.0,
      6.5
    ],
    "raw_values": [
      [
        0.0,
        0.0
      ],
      [
        0.5,
        1.0
      ],
      [
        1.0,
        2.0
      ],
      [
        2.0,
        3.0
      ],
      [
        3.0,
        5.0
      ],
      [
        5.0,
        8.0
      ]
    ],
    "per_level_mean": [
      -4.372994816496388,
      -4.440541849852172,
      -4.497772332300448,
      -4.555162194249384,
      -4.633182387698623,
      -4.767182915010892
    ],
    "per_level_std": [
      0.13061597021354168,
      0.15766907960702228,
      0.17210098411995806,
      0.19667397185850094,
      0.24535516167050844,
      0.3292320015924087
    ],
    "overall_mean": -4.5444727492679835,
    "overall_std": 0.20256005514477685,
    "nominal_mean": -4.372994816496388,
    "nominal_std": 0.13061597021354168,
    "worst_level_mean": -4.767182915010892,
    "worst_level_idx": 5
  },
  "lstm_push_magnitude": {
    "model": "lstm",
    "sweep": "push_magnitude",
    "n_seeds": 5,
    "seeds": [
      42,
      43,
      44,
      45,
      46
    ],
    "x_values": [
      0.0,
      0.75,
      1.5,
      2.5,
      4.0,
      6.5
    ],
    "raw_values": [
      [
        0.0,
        0.0
      ],
      [
        0.5,
        1.0
      ],
      [
        1.0,
        2.0
      ],
      [
        2.0,
        3.0
      ],
      [
        3.0,
        5.0
      ],
      [
        5.0,
        8.0
      ]
    ],
    "per_level_mean": [
      -3.603090708340119,
      -4.056316325585312,
      -4.224208866063286,
      -4.435147272231532,
      -4.700856078460745,
      -5.046460302383357
    ],
    "per_level_std": [
      0.12428227337485988,
      0.035634097556314075,
      0.07016388804824536,
      0.016258734805998713,
      0.0905809887836993,
      0.08024585946779346
    ],
    "overall_mean": -4.344346592177391,
    "overall_std": 0.04380253918100726,
    "nominal_mean": -3.603090708340119,
    "nominal_std": 0.12428227337485988,
    "worst_level_mean": -5.046460302383357,
    "worst_level_idx": 5
  },
  "transformer_push_magnitude": {
    "model": "transformer",
    "sweep": "push_magnitude",
    "n_seeds": 5,
    "seeds": [
      42,
      43,
      44,
      45,
      46
    ],
    "x_values": [
      0.0,
      0.75,
      1.5,
      2.5,
      4.0,
      6.5
    ],
    "raw_values": [
      [
        0.0,
        0.0
      ],
      [
        0.5,
        1.0
      ],
      [
        1.0,
        2.0
      ],
      [
        2.0,
        3.0
      ],
      [
        3.0,
        5.0
      ],
      [
        5.0,
        8.0
      ]
    ],
    "per_level_mean": [
      -4.654044850586058,
      -4.72200522013654,
      -4.764493834411861,
      -4.814302432391942,
      -4.941395227981729,
      -5.076516738281268
    ],
    "per_level_std": [
      0.3884506614075781,
      0.40188088259232563,
      0.3772208533618062,
      0.3929462589508581,
      0.408830422554392,
      0.4143214460585871
    ],
    "overall_mean": -4.828793050631566,
    "overall_std": 0.39408783376504986,
    "nominal_mean": -4.654044850586058,
    "nominal_std": 0.3884506614075781,
    "worst_level_mean": -5.076516738281268,
    "worst_level_idx": 5
  },
  "mlp_push_magnitude": {
    "model": "mlp",
    "sweep": "push_magnitude",
    "n_seeds": 5,
    "seeds": [
      42,
      43,
      44,
      45,
      46
    ],
    "x_values": [
      0.0,
      0.75,
      1.5,
      2.5,
      4.0,
      6.5
    ],