{
  "severe_analysis": {
    "combined_shift_randomized": {
      "task": "randomized",
      "sweep": "combined_shift",
      "models": {
        "dynamite": {
          "id_reward": -4.48,
          "severe_mean": -4.543458792040932,
          "worst_case": -4.5880794734340595,
          "sensitivity": 0.23135338626447055,
          "auc": -4.461733774862113,
          "degradation": 0.0634587920409313,
          "degradation_pct": 1.4164908937707879,
          "retention_ratio": 1.0141649089377078,
          "worst_retention": 1.0241248824629596,
          "track_err_severe": 5.255954269651713,
          "track_err_worst": 6.2054127003136035
        },
        "lstm": {
          "id_reward": -4.18,
          "severe_mean": -4.858919034710118,
          "worst_case": -5.102461139919891,
          "sensitivity": 1.5244709098506792,
          "auc": -4.39365439571254,
          "degradation": 0.6789190347101179,
          "degradation_pct": 16.242082170098517,
          "retention_ratio": 1.1624208217009853,
          "worst_retention": 1.2206844832344237,
          "track_err_severe": 5.728868170648666,
          "track_err_worst": 6.895062797781657
        },
        "transformer": {
          "id_reward": -4.77,
          "severe_mean": -4.675291018046472,
          "worst_case": -4.736282320680904,
          "sensitivity": 0.18993879283809445,
          "auc": -4.601220422757119,
          "degradation": -0.09470898195352717,
          "degradation_pct": -1.985513248501618,
          "retention_ratio": 0.9801448675149839,
          "worst_retention": 0.9929313041259759,
          "track_err_severe": 5.389733063478435,
          "track_err_worst": 6.439087039935794
        },
        "mlp": {
          "id_reward": -5.32,
          "severe_mean": -5.458701464762712,
          "worst_case": -5.484277967663004,
          "sensitivity": 0.09237824719749188,
          "auc": -5.425154827847033,
          "degradation": 0.13870146476271206,
          "degradation_pct": 2.607170390276542,
          "retention_ratio": 1.0260717039027654,
          "worst_retention": 1.0308793172298878,
          "track_err_severe": 5.43128206065246,
          "track_err_worst": 6.37040297971819
        }
      },
      "crossover_dynamite_beats_lstm": {
        "level_index": 3,
        "x_value": 3.0
      }
    },
    "push_magnitude_randomized": {
      "task": "randomized",
      "sweep": "push_magnitude",
      "models": {
        "dynamite": {
          "id_reward": -4.48,
          "severe_mean": -4.681607641137658,
          "worst_case": -4.765223745997334,
          "sensitivity": 0.41632839225197404,
          "auc": -4.5620187186066286,
          "degradation": 0.20160764113765772,
          "degradation_pct": 4.5001705611084315,
          "retention_ratio": 1.0450017056110843,
          "worst_retention": 1.0636660147315475,
          "track_err_severe": 5.200446997993552,
          "track_err_worst": 6.152705683652256
        },
        "lstm": {
          "id_reward": -4.18,
          "severe_mean": -4.886476456793303,
          "worst_case": -5.087982547723452,
          "sensitivity": 1.5139906364182143,
          "auc": -4.506554984558217,
          "degradation": 0.7064764567933031,
          "degradation_pct": 16.901350640988113,
          "retention_ratio": 1.1690135064098812,
          "worst_retention": 1.217220705196998,
          "track_err_severe": 5.248222334691841,
          "track_err_worst": 6.265725410528622
        },
        "transformer": {
          "id_reward": -4.77,
          "severe_mean": -4.9200938739372315,
          "worst_case": -5.0105312138330795,
          "sensitivity": 0.49097512974476576,
          "auc": -4.774356995470092,
          "degradation": 0.15009387393723195,
          "degradation_pct": 3.146622095120167,
          "retention_ratio": 1.0314662209512018,
          "worst_retention": 1.05042583099226,
          "track_err_severe": 5.094920502546437,
          "track_err_worst": 5.972263415432139
        },
        "mlp": {
          "id_reward": -5.32,
          "severe_mean": -5.712402315455648,
          "worst_case": -5.790638371763185,
          "sensitivity": 0.3967645433773903,
          "auc": -5.590428908625885,
          "degradation": 0.39240231545564797,
          "degradation_pct": 7.375983373226465,
          "retention_ratio": 1.0737598337322647,
          "worst_retention": 1.088465859353982,
          "track_err_severe": 5.409638007046263,
          "track_err_worst": 6.419498411050145
        }
      },
      "crossover_dynamite_beats_lstm": {
        "level_index": 4,
        "x_value": 4.0
      }
    },
    "push_magnitude_push": {
      "task": "push",
      "sweep": "push_magnitude",
      "models": {
        "dynamite": {
          "id_reward": -4.6,
          "severe_mean": -4.729998031603708,
          "worst_case": -4.79948740349243,
          "sensitivity": 0.40023146091691864,
          "auc": -4.608158863308654,
          "degradation": 0.1299980316037086,
          "degradation_pct": 2.826044165298013,
          "retention_ratio": 1.0282604416529801,
          "worst_retention": 1.0433668268461804,
          "track_err_severe": 5.287052015242857,
          "track_err_worst": 6.235886797687354
        },
        "lstm": {
          "id_reward": -4.3,
          "severe_mean": -4.847650506923608,
          "worst_case": -5.04384422968301,
          "sensitivity": 1.4805440229634383,
          "auc": -4.488345354248198,
          "degradation": 0.547650506923608,
          "degradation_pct": 12.736058300549022,
          "retention_ratio": 1.1273605830054902,
          "worst_retention": 1.1729870301588396,
          "track_err_severe": 5.3044354627284385,
          "track_err_worst": 6.387534521493006
        },
        "transformer": {
          "id_reward": -4.83,
          "severe_mean": -4.943922113712153,
          "worst_case": -5.040067348291969,
          "sensitivity": 0.4670485042543495,
          "auc": -4.8097450052448645,
          "degradation": 0.1139221137121531,
          "degradation_pct": 2.3586358946615547,
          "retention_ratio": 1.0235863589466156,
          "worst_retention": 1.0434922046153146,
          "track_err_severe": 5.214446153415482,
          "track_err_worst": 6.156471975581644
        },
        "mlp": {
          "id_reward": -5.01,
          "severe_mean": -5.50455408400212,
          "worst_case": -5.578489768630938,
          "sensitivity": 0.3534656849114217,
          "auc": -5.395938521402092,
          "degradation": 0.49455408400211986,
          "degradation_pct": 9.87133900203832,
          "retention_ratio": 1.0987133900203832,
          "worst_retention": 1.113471011702782,
          "track_err_severe": 5.385888467158098,
          "track_err_worst": 6.391147049273333
        }
      },
      "crossover_dynamite_beats_lstm": {
        "level_index": 5,
        "x_value": 6.5
      }
    },
    "push_magnitude_terrain": {
      "task": "terrain",
      "sweep": "push_magnitude",
      "models": {
        "dynamite": {
          "id_reward": -4.49,
          "severe_mean": -4.720530656791186,
          "worst_case": -4.786217452280273,
          "sensitivity": 0.4350160642145884,
          "auc": -4.5914599266435,
          "degradation": 0.23053065679118578,
          "degradation_pct": 5.134313068846009,
          "retention_ratio": 1.0513431306884602,
          "worst_retention": 1.065972706521219,
          "track_err_severe": 5.338639534720981,
          "track_err_worst": 6.292321731485693
        },
        "lstm": {
          "id_reward": -4.06,
          "severe_mean": -4.901084086774603,
          "worst_case": -5.132517442673922,
          "sensitivity": 1.5831701556345168,
          "auc": -4.507621609656687,
          "degradation": 0.841084086774603,
          "degradation_pct": 20.71635681710845,
          "retention_ratio": 1.2071635681710846,
          "worst_retention": 1.2641668578014589,