{
  "checkpoint": "outputs/push/lstm_full/seed_42/20260316_215737/checkpoints/best.pt",
  "task": "push",
  "model": "lstm",
  "seed": 42,
  "num_episodes": 100,
  "timestamp": "2026-03-17T06:33:09.144645",
  "wall_time_s": 14.43,
  "episode_reward/mean": -4.870111314376982,
  "episode_reward/std": 0.2767746381759671,
  "episode_reward/min": -6.081234931945801,
  "episode_reward/max": -4.301875591278076,
  "episode_length/mean": 31.722772277227723,
  "episode_length/std": 6.770815081578762,
  "episode_length/min": 25.0,
  "episode_length/max": 66.0
}