{
  "checkpoint": "outputs/flat/dynamite_full/seed_42/20260316_203841/checkpoints/best.pt",
  "task": "flat",
  "model": "dynamite",
  "seed": 42,
  "num_episodes": 100,
  "timestamp": "2026-03-17T06:32:20.912821",
  "wall_time_s": 10.99,
  "episode_reward/mean": -4.830508313860212,
  "episode_reward/std": 0.11600511042240898,
  "episode_reward/min": -5.078752517700195,
  "episode_reward/max": -4.592560768127441,
  "episode_length/mean": 21.771428571428572,
  "episode_length/std": 0.693605388801262,
  "episode_length/min": 21.0,
  "episode_length/max": 24.0
}