{
  "model_type": "lstm",
  "seed": 43,
  "checkpoint": "outputs/randomized/lstm_full/seed_43/20260319_052725/checkpoints/best.pt",
  "repr_dim": 128,
  "n_samples": 36000,
  "num_episodes": 200,
  "probe_r2": {
    "friction": {
      "r2_linear_mean": 0.01601531505584717,
      "r2_linear_std": 0.002786131699532842,
      "r2_mlp_mean": 0.06912510395050049,
      "r2_mlp_std": 0.01233888559732533,
      "r2_per_dim_linear": [
        0.020777618885040282,
        0.011254239082336425
      ],
      "r2_per_dim_mlp": [
        0.11269525289535523,
        0.025558984279632567
      ],
      "r2_linear_folds": [
        0.015035897493362427,
        0.020228952169418335,
        0.013007581233978271,
        0.013554036617279053,
        0.018250107765197754
      ],
      "r2_mlp_folds": [
        0.08813193440437317,
        0.06675183773040771,
        0.06424114108085632,
        0.05097290873527527,
        0.07552769780158997
      ]
    },
    "mass": {
      "r2_linear_mean": 0.015860474109649657,
      "r2_linear_std": 0.001254850737299836,
      "r2_mlp_mean": 0.017571741342544557,
      "r2_mlp_std": 0.0056941672695914455,
      "r2_per_dim_linear": [
        0.01138664484024048,
        0.020340216159820557
      ],
      "r2_per_dim_mlp": [
        0.03842861652374267,
        -0.0032794952392578127
      ],
      "r2_linear_folds": [
        0.014069706201553345,
        0.01623031497001648,
        0.014731794595718384,
        0.017187505960464478,
        0.017083048820495605
      ],
      "r2_mlp_folds": [
        0.019570380449295044,
        0.025655508041381836,
        0.019337594509124756,
        0.014767467975616455,
        0.008527755737304688
      ]
    },
    "motor": {
      "r2_linear_mean": 0.008677959442138672,
      "r2_linear_std": 0.001621016400502534,
      "r2_mlp_mean": 0.014463764429092408,
      "r2_mlp_std": 0.008532816983722824,
      "r2_per_dim_linear": [
        0.0081321120262146,
        0.009221506118774415
      ],
      "r2_per_dim_mlp": [
        0.008433246612548828,
        0.020492780208587646
      ],
      "r2_linear_folds": [
        0.006097644567489624,
        0.008426129817962646,
        0.00872454047203064,
        0.011196613311767578,
        0.008944869041442871
      ],
      "r2_mlp_folds": [
        0.0033400356769561768,
        0.006373554468154907,
        0.023795783519744873,
        0.014992058277130127,
        0.023817390203475952
      ]
    },
    "contact": {
      "r2_linear_mean": 0.004398930072784424,
      "r2_linear_std": 0.00159927610248036,
      "r2_mlp_mean": 0.03411463499069214,
      "r2_mlp_std": 0.005370896801641543,
      "r2_per_dim_linear": [
        0.004398930072784424
      ],
      "r2_per_dim_mlp": [
        0.03411463499069214
      ],
      "r2_linear_folds": [
        0.003046691417694092,
        0.0033017992973327637,
        0.007056593894958496,
        0.00545048713684082,
        0.0031390786170959473
      ],
      "r2_mlp_folds": [
        0.03611356019973755,
        0.031780779361724854,
        0.04190099239349365,
        0.03520560264587402,
        0.025572240352630615
      ]
    },
    "delay": {
      "r2_linear_mean": 0.013582706451416016,
      "r2_linear_std": 0.003309098301306678,
      "r2_mlp_mean": 0.03983149528503418,
      "r2_mlp_std": 0.007176693741226192,
      "r2_per_dim_linear": [
        0.013582706451416016
      ],
      "r2_per_dim_mlp": [
        0.03983149528503418
      ],
      "r2_linear_folds": [
        0.019015014171600342,
        0.013248741626739502,
        0.013212144374847412,
        0.008590519428253174,
        0.013847112655639648
      ],
      "r2_mlp_folds": [
        0.03474241495132446,
        0.04275214672088623,
        0.029579460620880127,
        0.05056154727935791,
        0.04152190685272217
      ]
    }
  },
  "timestamp": "2026-03-20T13:55:30.276068"
}