{
  "model_type": "lstm",
  "seed": 42,
  "checkpoint": "outputs/randomized/lstm_full/seed_42/20260319_051257/checkpoints/best.pt",
  "repr_dim": 128,
  "n_samples": 36000,
  "num_episodes": 200,
  "probe_r2": {
    "friction": {
      "r2_linear_mean": 0.022673755884170532,
      "r2_linear_std": 0.0012578441303614414,
      "r2_mlp_mean": 0.08482305407524109,
      "r2_mlp_std": 0.007932054015899869,
      "r2_per_dim_linear": [
        0.03725558519363403,
        0.008089840412139893
      ],
      "r2_per_dim_mlp": [
        0.14678051471710205,
        0.022864925861358642
      ],
      "r2_linear_folds": [
        0.021604180335998535,
        0.024882733821868896,
        0.02326744794845581,
        0.02167874574661255,
        0.02193567156791687
      ],
      "r2_mlp_folds": [
        0.08261314034461975,
        0.09624636173248291,
        0.089103102684021,
        0.0721663236618042,
        0.08398634195327759
      ]
    },
    "mass": {
      "r2_linear_mean": 0.009605604410171508,
      "r2_linear_std": 0.00133046028600791,
      "r2_mlp_mean": 0.018645894527435303,
      "r2_mlp_std": 0.00217802432717487,
      "r2_per_dim_linear": [
        0.010777020454406738,
        0.008431041240692138
      ],
      "r2_per_dim_mlp": [
        0.04167559146881104,
        -0.004386818408966065
      ],
      "r2_linear_folds": [
        0.010761052370071411,
        0.009101390838623047,
        0.010469794273376465,
        0.010485917329788208,
        0.007209867238998413
      ],
      "r2_mlp_folds": [
        0.01696726679801941,
        0.019339799880981445,
        0.018209308385849,
        0.022456467151641846,
        0.016256630420684814
      ]
    },
    "motor": {
      "r2_linear_mean": 0.0072379052639007565,
      "r2_linear_std": 0.0016950124086464106,
      "r2_mlp_mean": 0.011184895038604736,
      "r2_mlp_std": 0.007349762268056871,
      "r2_per_dim_linear": [
        0.007815539836883545,
        0.006658971309661865
      ],
      "r2_per_dim_mlp": [
        0.017138338088989256,
        0.0052288293838500975
      ],
      "r2_linear_folds": [
        0.00670817494392395,
        0.004794001579284668,
        0.006891876459121704,
        0.007783681154251099,
        0.010011792182922363
      ],
      "r2_mlp_folds": [
        0.006873905658721924,
        0.004620343446731567,
        0.010927349328994751,
        0.008196383714675903,
        0.025306493043899536
      ]
    },
    "contact": {
      "r2_linear_mean": 0.007005727291107178,
      "r2_linear_std": 0.0016299042964751484,
      "r2_mlp_mean": 0.05024275779724121,
      "r2_mlp_std": 0.006074903941369518,
      "r2_per_dim_linear": [
        0.007005727291107178
      ],
      "r2_per_dim_mlp": [
        0.05024275779724121
      ],
      "r2_linear_folds": [
        0.00825345516204834,
        0.0070809125900268555,
        0.005191385746002197,
        0.005213320255279541,
        0.009289562702178955
      ],
      "r2_mlp_folds": [
        0.05270463228225708,
        0.04724150896072388,
        0.04167407751083374,
        0.060019493103027344,
        0.049574077129364014
      ]
    },
    "delay": {
      "r2_linear_mean": 0.006171584129333496,
      "r2_linear_std": 0.0015544387877427215,
      "r2_mlp_mean": 0.025981080532073975,
      "r2_mlp_std": 0.00910476249617765,
      "r2_per_dim_linear": [
        0.006171584129333496
      ],
      "r2_per_dim_mlp": [
        0.025981080532073975
      ],
      "r2_linear_folds": [
        0.007570803165435791,
        0.00466841459274292,
        0.004350066184997559,
        0.00829458236694336,
        0.0059740543365478516
      ],
      "r2_mlp_folds": [
        0.03204303979873657,
        0.024259209632873535,
        0.00934380292892456,
        0.028785884380340576,
        0.03547346591949463
      ]
    }
  },
  "timestamp": "2026-03-20T13:50:13.701686"
}