{
  "model_type": "dynamite",
  "seed": 42,
  "checkpoint": "outputs/randomized/dynamite_full/seed_42/20260319_074656/checkpoints/best.pt",
  "repr_dim": 24,
  "n_samples": 36000,
  "num_episodes": 200,
  "probe_r2": {
    "friction": {
      "r2_linear_mean": -0.0003480434417724609,
      "r2_linear_std": 0.00025996712325675024,
      "r2_mlp_mean": -0.0008460521697998047,
      "r2_mlp_std": 0.0005654244030915035,
      "r2_per_dim_linear": [
        -0.0007337450981140137,
        3.827810287475586e-05
      ],
      "r2_per_dim_mlp": [
        -0.0014118909835815429,
        -0.00027891397476196287
      ],
      "r2_linear_folds": [
        -0.00019106268882751465,
        -0.000784754753112793,
        -0.00011909008026123047,
        -0.0005081892013549805,
        -0.00013712048530578613
      ],
      "r2_mlp_folds": [
        -2.8789043426513672e-05,
        -0.0015954375267028809,
        -0.0004239678382873535,
        -0.0012792348861694336,
        -0.0009028315544128418
      ]
    },
    "mass": {
      "r2_linear_mean": 0.0001529991626739502,
      "r2_linear_std": 0.00013476041726368383,
      "r2_mlp_mean": -0.0028602778911590576,
      "r2_mlp_std": 0.002470876114103474,
      "r2_per_dim_linear": [
        0.00046401023864746095,
        -0.0001603841781616211
      ],
      "r2_per_dim_mlp": [
        -0.0009629011154174804,
        -0.004761028289794922
      ],
      "r2_linear_folds": [
        4.7206878662109375e-05,
        0.00014519691467285156,
        0.0003985464572906494,
        0.0001596510410308838,
        1.4394521713256836e-05
      ],
      "r2_mlp_folds": [
        -0.007172346115112305,
        -0.002469360828399658,
        -0.0011542439460754395,
        3.8295984268188477e-05,
        -0.0035437345504760742
      ]
    },
    "motor": {
      "r2_linear_mean": 9.977817535400391e-06,
      "r2_linear_std": 0.00038694662094061137,
      "r2_mlp_mean": -0.0025693416595458985,
      "r2_mlp_std": 0.0009265530298047077,
      "r2_per_dim_linear": [
        0.0001309514045715332,
        -0.00011105537414550782
      ],
      "r2_per_dim_mlp": [
        -0.0018378734588623048,
        -0.0033006668090820312
      ],
      "r2_linear_folds": [
        -0.00014138221740722656,
        0.0004512965679168701,
        0.00015276670455932617,
        0.00025019049644470215,
        -0.0006629824638366699
      ],
      "r2_mlp_folds": [
        -0.003188788890838623,
        -0.0020985007286071777,
        -0.0025900602340698242,
        -0.0011296272277832031,
        -0.003839731216430664
      ]
    },
    "contact": {
      "r2_linear_mean": -0.0001687169075012207,
      "r2_linear_std": 0.0004122969420794832,
      "r2_mlp_mean": -0.0007256507873535156,
      "r2_mlp_std": 0.0006473873695521411,
      "r2_per_dim_linear": [
        -0.0001687169075012207
      ],
      "r2_per_dim_mlp": [
        -0.0007256507873535156
      ],
      "r2_linear_folds": [
        -0.0002949237823486328,
        0.00028836727142333984,
        0.00032764673233032227,
        -0.00044715404510498047,
        -0.0007175207138061523
      ],
      "r2_mlp_folds": [
        -0.00015997886657714844,
        -0.00013184547424316406,
        -0.0018706321716308594,
        -0.0009694099426269531,
        -0.0004963874816894531
      ]
    },
    "delay": {
      "r2_linear_mean": -0.00013272762298583985,
      "r2_linear_std": 0.0002748780376607449,
      "r2_mlp_mean": -0.00024595260620117185,
      "r2_mlp_std": 8.716165226860477e-05,
      "r2_per_dim_linear": [
        -0.00013272762298583985
      ],
      "r2_per_dim_mlp": [
        -0.00024595260620117185
      ],
      "r2_linear_folds": [
        -0.0005578994750976562,
        -1.895427703857422e-05,
        -0.0003412961959838867,
        7.534027099609375e-05,
        0.00017917156219482422
      ],
      "r2_mlp_folds": [
        -0.0003343820571899414,
        -0.0003516674041748047,
        -0.0002422332763671875,
        -0.00013017654418945312,
        -0.00017130374908447266
      ]
    }
  },
  "timestamp": "2026-03-20T13:46:03.797821"
}