{
  "model_type": "dynamite",
  "seed": 43,
  "checkpoint": "outputs/randomized/dynamite_full/seed_43/20260319_080301/checkpoints/best.pt",
  "repr_dim": 24,
  "n_samples": 36000,
  "num_episodes": 200,
  "probe_r2": {
    "friction": {
      "r2_linear_mean": -0.00010599493980407715,
      "r2_linear_std": 0.0001028189652163805,
      "r2_mlp_mean": -0.0011307597160339355,
      "r2_mlp_std": 0.0004811392488540834,
      "r2_per_dim_linear": [
        -0.00013213157653808595,
        -8.052587509155273e-05
      ],
      "r2_per_dim_mlp": [
        -0.0008161067962646484,
        -0.0014448881149291993
      ],
      "r2_linear_folds": [
        -0.00022983551025390625,
        -0.00015240907669067383,
        7.876753807067871e-05,
        -8.952617645263672e-05,
        -0.00013697147369384766
      ],
      "r2_mlp_folds": [
        -0.0014708638191223145,
        -0.0004996061325073242,
        -0.0014560222625732422,
        -0.0016318559646606445,
        -0.0005954504013061523
      ]
    },
    "mass": {
      "r2_linear_mean": 0.0004688620567321777,
      "r2_linear_std": 0.0003175293540669657,
      "r2_mlp_mean": -0.001259756088256836,
      "r2_mlp_std": 0.0004886820393806396,
      "r2_per_dim_linear": [
        0.0007532954216003418,
        0.0001901388168334961
      ],
      "r2_per_dim_mlp": [
        -0.0006686925888061523,
        -0.0018440961837768554
      ],
      "r2_linear_folds": [
        0.0004985928535461426,
        -0.0001360177993774414,
        0.0007815957069396973,
        0.0005494356155395508,
        0.0006507039070129395
      ],
      "r2_mlp_folds": [
        -0.0007454752922058105,
        -0.0018957853317260742,
        -0.0007137656211853027,
        -0.0012102127075195312,
        -0.001733541488647461
      ]
    },
    "motor": {
      "r2_linear_mean": -4.1496753692626956e-05,
      "r2_linear_std": 0.00021694988688447447,
      "r2_mlp_mean": -0.0016718924045562745,
      "r2_mlp_std": 0.0011899569457649833,
      "r2_per_dim_linear": [
        -2.3365020751953125e-05,
        -6.0570240020751956e-05
      ],
      "r2_per_dim_mlp": [
        -0.0005046844482421875,
        -0.002839994430541992
      ],
      "r2_linear_folds": [
        0.00011166930198669434,
        0.00014472007751464844,
        8.165836334228516e-05,
        -0.0001068413257598877,
        -0.000438690185546875
      ],
      "r2_mlp_folds": [
        -0.0016202330589294434,
        -0.0038867592811584473,
        -0.0013454556465148926,
        -0.0003186166286468506,
        -0.0011883974075317383
      ]
    },
    "contact": {
      "r2_linear_mean": 2.5761127471923827e-05,
      "r2_linear_std": 0.00016524901793551813,
      "r2_mlp_mean": -8.978843688964844e-05,
      "r2_mlp_std": 0.00010818996416346093,
      "r2_per_dim_linear": [
        2.5761127471923827e-05
      ],
      "r2_per_dim_mlp": [
        -8.978843688964844e-05
      ],
      "r2_linear_folds": [
        0.0002449154853820801,
        2.1457672119140625e-06,
        -0.000194549560546875,
        -0.0001016855239868164,
        0.0001779794692993164
      ],
      "r2_mlp_folds": [
        1.1682510375976562e-05,
        -8.475780487060547e-05,
        -0.00016379356384277344,
        -0.0002512931823730469,
        3.921985626220703e-05
      ]
    },
    "delay": {
      "r2_linear_mean": -0.000274205207824707,
      "r2_linear_std": 0.0002919771730789765,
      "r2_mlp_mean": -0.00021092891693115235,
      "r2_mlp_std": 0.00028550810106508644,
      "r2_per_dim_linear": [
        -0.000274205207824707
      ],
      "r2_per_dim_mlp": [
        -0.00021092891693115235
      ],
      "r2_linear_folds": [
        -0.00011658668518066406,
        -0.0006544589996337891,
        -6.937980651855469e-05,
        6.23464584350586e-05,
        -0.0005929470062255859
      ],
      "r2_mlp_folds": [
        -0.00011599063873291016,
        -0.0007330179214477539,
        -0.00021898746490478516,
        -0.000118255615234375,
        0.0001316070556640625
      ]
    }
  },
  "timestamp": "2026-03-20T13:51:42.696988"
}