{
  "model_type": "dynamite",
  "seed": 44,
  "checkpoint": "outputs/randomized/dynamite_full/seed_44/20260319_081926/checkpoints/best.pt",
  "repr_dim": 24,
  "n_samples": 36000,
  "num_episodes": 200,
  "probe_r2": {
    "friction": {
      "r2_linear_mean": 2.6029348373413085e-05,
      "r2_linear_std": 0.00029678504607164074,
      "r2_mlp_mean": -0.0005906760692596435,
      "r2_mlp_std": 0.0005205932392258385,
      "r2_per_dim_linear": [
        0.00011571645736694336,
        -6.289482116699219e-05
      ],
      "r2_per_dim_mlp": [
        -0.0006635427474975586,
        -0.0005181193351745606
      ],
      "r2_linear_folds": [
        -0.0003269314765930176,
        0.0004076361656188965,
        -0.00031238794326782227,
        0.0002429485321044922,
        0.0001188814640045166
      ],
      "r2_mlp_folds": [
        -0.00010007619857788086,
        -0.0005663633346557617,
        -6.0170888900756836e-05,
        -0.0007352828979492188,
        -0.0014914870262145996
      ]
    },
    "mass": {
      "r2_linear_mean": 0.0003594338893890381,
      "r2_linear_std": 0.0004559471503319228,
      "r2_mlp_mean": -0.0013224244117736816,
      "r2_mlp_std": 0.0006247540477217753,
      "r2_per_dim_linear": [
        0.0006581664085388184,
        6.961822509765625e-05
      ],
      "r2_per_dim_mlp": [
        -0.00044655799865722656,
        -0.0021913766860961912
      ],
      "r2_linear_folds": [
        0.0008875131607055664,
        -0.00043022632598876953,
        0.0004233717918395996,
        0.0006963610649108887,
        0.00022014975547790527
      ],
      "r2_mlp_folds": [
        -0.002445697784423828,
        -0.0009608268737792969,
        -0.0014154911041259766,
        -0.0011993050575256348,
        -0.0005908012390136719
      ]
    },
    "motor": {
      "r2_linear_mean": 0.00023767948150634765,
      "r2_linear_std": 0.0004930588743381085,
      "r2_mlp_mean": -0.0019800424575805663,
      "r2_mlp_std": 0.0019260875916131642,
      "r2_per_dim_linear": [
        0.00015479326248168945,
        0.00031851530075073243
      ],
      "r2_per_dim_mlp": [
        -0.0033643960952758787,
        -0.0005975246429443359
      ],
      "r2_linear_folds": [
        0.0005578994750976562,
        0.00026363134384155273,
        -0.0007166862487792969,
        0.0004507899284362793,
        0.0006327629089355469
      ],
      "r2_mlp_folds": [
        -0.0009174048900604248,
        -0.005804598331451416,
        -0.0006545782089233398,
        -0.0012166202068328857,
        -0.0013070106506347656
      ]
    },
    "contact": {
      "r2_linear_mean": 0.0003055214881896973,
      "r2_linear_std": 0.0009971062971476728,
      "r2_mlp_mean": -0.0005822181701660156,
      "r2_mlp_std": 0.00041690440901054934,
      "r2_per_dim_linear": [
        0.0003055214881896973
      ],
      "r2_per_dim_mlp": [
        -0.0005822181701660156
      ],
      "r2_linear_folds": [
        0.0009922385215759277,
        0.0010128617286682129,
        -1.4185905456542969e-05,
        -0.0015200376510620117,
        0.0010567307472229004
      ],
      "r2_mlp_folds": [
        0.00015783309936523438,
        -0.00041806697845458984,
        -0.001003861427307129,
        -0.0008132457733154297,
        -0.0008337497711181641
      ]
    },
    "delay": {
      "r2_linear_mean": 0.00070343017578125,
      "r2_linear_std": 0.00048142766943564747,
      "r2_mlp_mean": -0.0007905840873718261,
      "r2_mlp_std": 0.0008336411005246164,
      "r2_per_dim_linear": [
        0.00070343017578125
      ],
      "r2_per_dim_mlp": [
        -0.0007905840873718261
      ],
      "r2_linear_folds": [
        0.0005563497543334961,
        -9.739398956298828e-05,
        0.0007382631301879883,
        0.00135725736618042,
        0.000962674617767334
      ],
      "r2_mlp_folds": [
        -0.0007518529891967773,
        -0.0022944211959838867,
        -0.0008751153945922852,
        2.855062484741211e-05,
        -6.008148193359375e-05
      ]
    }
  },
  "timestamp": "2026-03-20T13:57:07.329843"
}