{
  "dynamite": {
    "linear": {
      "friction": {
        "mean": -0.000142669677734375,
        "std": 0.00015490080779555196
      },
      "mass": {
        "mean": 0.0003270983695983887,
        "std": 0.00013096190626999993
      },
      "motor": {
        "mean": 6.872018178304035e-05,
        "std": 0.00012130633836976563
      },
      "contact": {
        "mean": 5.418856938680013e-05,
        "std": 0.00019464772209856738
      },
      "delay": {
        "mean": 9.883244832356771e-05,
        "std": 0.0004313991081648988
      },
      "overall": 8.123397827148437e-05
    },
    "mlp": {
      "friction": {
        "mean": -0.0008558293183644613,
        "std": 0.00022059658633471807
      },
      "mass": {
        "mean": -0.0018141527970631916,
        "std": 0.0007401644475231687
      },
      "motor": {
        "mean": -0.002073758840560913,
        "std": 0.00037232679342171713
      },
      "contact": {
        "mean": -0.0004658857981363932,
        "std": 0.00027231127748820506
      },
      "delay": {
        "mean": -0.0004158218701680501,
        "std": 0.0002653823710361314
      },
      "overall": -0.0011250897248586017
    }
  },
  "lstm": {
    "linear": {
      "friction": {
        "mean": 0.025779326756795246,
        "std": 0.009497484764560115
      },
      "mass": {
        "mean": 0.011699301004409789,
        "std": 0.0029424131912451196
      },
      "motor": {
        "mean": 0.009653059641520183,
        "std": 0.0024683069206404033
      },
      "contact": {
        "mean": 0.006353350480397543,
        "std": 0.0014072043397085423
      },
      "delay": {
        "mean": 0.011392088731129964,
        "std": 0.003707321081704788
      },
      "overall": 0.012975425322850545
    },
    "mlp": {
      "friction": {
        "mean": 0.10079365571339925,
        "std": 0.034290164888363985
      },
      "mass": {
        "mean": 0.017693944772084556,
        "std": 0.0007324891307726302
      },
      "motor": {
        "mean": 0.01450562278429667,
        "std": 0.002728611989568381
      },
      "contact": {
        "mean": 0.04515902598698934,
        "std": 0.007817765229054571
      },
      "delay": {
        "mean": 0.04112821817398071,
        "std": 0.012929524587183395
      },
      "overall": 0.043856093486150105
    }
  }
}