{
  "model_type": "lstm",
  "seed": 44,
  "checkpoint": "outputs/randomized/lstm_full/seed_44/20260319_054156/checkpoints/best.pt",
  "repr_dim": 128,
  "n_samples": 36000,
  "num_episodes": 200,
  "probe_r2": {
    "friction": {
      "r2_linear_mean": 0.03864890933036804,
      "r2_linear_std": 0.0021033125136009677,
      "r2_mlp_mean": 0.14843280911445617,
      "r2_mlp_std": 0.004534603262295985,
      "r2_per_dim_linear": [
        0.07024037837982178,
        0.007058370113372803
      ],
      "r2_per_dim_mlp": [
        0.2751012682914734,
        0.02176612615585327
      ],
      "r2_linear_folds": [
        0.039950042963027954,
        0.03470480442047119,
        0.038283348083496094,
        0.04047831892967224,
        0.03982803225517273
      ],
      "r2_mlp_folds": [
        0.14162978529930115,
        0.14628860354423523,
        0.1485457718372345,
        0.15031030774116516,
        0.15538957715034485
      ]
    },
    "mass": {
      "r2_linear_mean": 0.009631824493408204,
      "r2_linear_std": 0.0020491985503712016,
      "r2_mlp_mean": 0.016864198446273803,
      "r2_mlp_std": 0.00885574448660117,
      "r2_per_dim_linear": [
        0.005675888061523438,
        0.013597977161407471
      ],
      "r2_per_dim_mlp": [
        0.03837053775787354,
        -0.004631555080413819
      ],
      "r2_linear_folds": [
        0.011144429445266724,
        0.0119570791721344,
        0.010717272758483887,
        0.0072126686573028564,
        0.007127672433853149
      ],
      "r2_mlp_folds": [
        0.0234280526638031,
        0.0029278993606567383,
        0.02225765585899353,
        0.009987026453018188,
        0.02572035789489746
      ]
    },
    "motor": {
      "r2_linear_mean": 0.013043314218521118,
      "r2_linear_std": 0.0005381257950762571,
      "r2_mlp_mean": 0.01786820888519287,
      "r2_mlp_std": 0.004688788356547099,
      "r2_per_dim_linear": [
        0.012416207790374756,
        0.013667857646942139
      ],
      "r2_per_dim_mlp": [
        0.016826534271240236,
        0.01890801191329956
      ],
      "r2_linear_folds": [
        0.013764917850494385,
        0.013186037540435791,
        0.013391971588134766,
        0.012279361486434937,
        0.012594282627105713
      ],
      "r2_mlp_folds": [
        0.025183945894241333,
        0.011949896812438965,
        0.020503997802734375,
        0.01407727599143982,
        0.017625927925109863
      ]
    },
    "contact": {
      "r2_linear_mean": 0.007655394077301025,
      "r2_linear_std": 0.0015048904088809448,
      "r2_mlp_mean": 0.05111968517303467,
      "r2_mlp_std": 0.00818986457079224,
      "r2_per_dim_linear": [
        0.007655394077301025
      ],
      "r2_per_dim_mlp": [
        0.05111968517303467
      ],
      "r2_linear_folds": [
        0.009039103984832764,
        0.0055457353591918945,
        0.006479084491729736,
        0.007667064666748047,
        0.009545981884002686
      ],
      "r2_mlp_folds": [
        0.056413888931274414,
        0.04733753204345703,
        0.04570603370666504,
        0.06438678503036499,
        0.041754186153411865
      ]
    },
    "delay": {
      "r2_linear_mean": 0.014421975612640381,
      "r2_linear_std": 0.0010716434971626066,
      "r2_mlp_mean": 0.05757207870483398,
      "r2_mlp_std": 0.009327398969382178,
      "r2_per_dim_linear": [
        0.014421975612640381
      ],
      "r2_per_dim_mlp": [
        0.05757207870483398
      ],
      "r2_linear_folds": [
        0.016378700733184814,
        0.014037132263183594,
        0.014383852481842041,
        0.013113081455230713,
        0.014197111129760742
      ],
      "r2_mlp_folds": [
        0.06302034854888916,
        0.07051563262939453,
        0.0587388277053833,
        0.043041348457336426,
        0.052544236183166504
      ]
    }
  },
  "timestamp": "2026-03-20T14:01:19.057609"
}