{
  "checkpoint": "outputs/push/mlp_full/seed_42/20260316_215446/checkpoints/best.pt",
  "task": "push",
  "model": "mlp",
  "seed": 42,
  "num_episodes": 100,
  "timestamp": "2026-03-17T06:32:43.463490",
  "wall_time_s": 13.31,
  "episode_reward/mean": -4.411761828831264,
  "episode_reward/std": 0.37908706759928035,
  "episode_reward/min": -6.637628555297852,
  "episode_reward/max": -3.8607571125030518,
  "episode_length/mean": 23.666666666666668,
  "episode_length/std": 5.332142724247544,
  "episode_length/min": 18.0,
  "episode_length/max": 57.0
}