{
  "checkpoint": "outputs/push/transformer_full/seed_42/20260316_220028/checkpoints/best.pt",
  "task": "push",
  "model": "transformer",
  "seed": 42,
  "num_episodes": 100,
  "timestamp": "2026-03-17T06:33:33.698883",
  "wall_time_s": 11.97,
  "episode_reward/mean": -4.3845914566870965,
  "episode_reward/std": 0.20032779434509523,
  "episode_reward/min": -5.14096736907959,
  "episode_reward/max": -4.115751266479492,
  "episode_length/mean": 18.693069306930692,
  "episode_length/std": 0.8982113607953842,
  "episode_length/min": 18.0,
  "episode_length/max": 21.0
}