{
  "checkpoint": "outputs/flat/transformer_full/seed_42/20260316_203605/checkpoints/best.pt",
  "task": "flat",
  "model": "transformer",
  "seed": 42,
  "num_episodes": 100,
  "timestamp": "2026-03-17T06:31:59.674251",
  "wall_time_s": 9.49,
  "episode_reward/mean": -4.7498183065247765,
  "episode_reward/std": 0.11300576258755168,
  "episode_reward/min": -4.920336723327637,
  "episode_reward/max": -4.463374614715576,
  "episode_length/mean": 21.66990291262136,
  "episode_length/std": 0.6291981260590157,
  "episode_length/min": 21.0,
  "episode_length/max": 23.0
}