{
  "checkpoint": "outputs/randomized/dynamite_seq_len_4/seed_42/20260316_210920/checkpoints/best.pt",
  "task": "randomized",
  "model": "dynamite",
  "seed": 42,
  "num_episodes": 50,
  "timestamp": "2026-03-16T22:29:10.270409",
  "wall_time_s": 9.98,
  "episode_reward/mean": -4.350990169453171,
  "episode_reward/std": 0.1267459668327664,
  "episode_reward/min": -4.8520002365112305,
  "episode_reward/max": -4.076936721801758,
  "episode_length/mean": 23.056603773584907,
  "episode_length/std": 2.6451457450991143,
  "episode_length/min": 20.0,
  "episode_length/max": 35.0
}