{
  "checkpoint": "outputs/terrain/dynamite_full/seed_42/20260316_210549/checkpoints/best.pt",
  "task": "terrain",
  "model": "dynamite",
  "seed": 42,
  "num_episodes": 100,
  "timestamp": "2026-03-17T06:37:06.253512",
  "wall_time_s": 12.2,
  "episode_reward/mean": -4.446418959919999,
  "episode_reward/std": 0.0954511461522667,
  "episode_reward/min": -4.687817573547363,
  "episode_reward/max": -4.207052230834961,
  "episode_length/mean": 17.073170731707318,
  "episode_length/std": 0.26041654273247106,
  "episode_length/min": 17.0,
  "episode_length/max": 18.0
}