{
  "checkpoint": "outputs/terrain/lstm_full/seed_42/20260316_205928/checkpoints/best.pt",
  "task": "terrain",
  "model": "lstm",
  "seed": 42,
  "num_episodes": 100,
  "timestamp": "2026-03-17T06:36:20.389928",
  "wall_time_s": 12.33,
  "episode_reward/mean": -4.786097054434295,
  "episode_reward/std": 0.23870423259941156,
  "episode_reward/min": -5.84972620010376,
  "episode_reward/max": -4.407591342926025,
  "episode_length/mean": 32.73267326732673,
  "episode_length/std": 9.057452583871877,
  "episode_length/min": 29.0,
  "episode_length/max": 85.0
}