{
  "model": "lstm",
  "checkpoint": "outputs/randomized/lstm_full/seed_46/20260319_061100/checkpoints/best.pt",
  "seed": 46,
  "num_episodes": 50,
  "warmup_steps": 30,
  "post_push_window": 40,
  "recovery_threshold": 1.5,
  "timestamp": "2026-03-20T13:15:39.791667",
  "push_magnitudes": [
    1.0,
    2.0,
    3.0,
    4.0,
    5.0,
    6.0,
    8.0
  ],
  "results": {
    "1.0": {
      "non_fall_rate": 0.04,
      "recovery_rate": 1.0,
      "mean_steps_to_recover": 11.34,
      "median_steps_to_recover": 2.5,
      "peak_tracking_error_mean": 3.172258930206299,
      "peak_tracking_error_std": 0.5741710569607188,
      "post_push_reward_mean": -3.5014155846834183,
      "post_push_reward_std": 1.5012029200860726
    },
    "2.0": {
      "non_fall_rate": 0.02,
      "recovery_rate": 1.0,
      "mean_steps_to_recover": 15.96,
      "median_steps_to_recover": 18.5,
      "peak_tracking_error_mean": 3.3495078086853027,
      "peak_tracking_error_std": 0.513682431090252,
      "post_push_reward_mean": -3.4267163184285163,
      "post_push_reward_std": 1.5597731148369096
    },
    "3.0": {
      "non_fall_rate": 0.0,
      "recovery_rate": 1.0,
      "mean_steps_to_recover": 19.96,
      "median_steps_to_recover": 19.0,
      "peak_tracking_error_mean": 3.766567659378052,
      "peak_tracking_error_std": 0.6857201675580497,
      "post_push_reward_mean": -4.07455772280693,
      "post_push_reward_std": 0.5775372590069641
    },
    "4.0": {
      "non_fall_rate": 0.0,
      "recovery_rate": 1.0,
      "mean_steps_to_recover": 19.76,
      "median_steps_to_recover": 19.5,
      "peak_tracking_error_mean": 4.565061855316162,
      "peak_tracking_error_std": 0.7212225465593356,
      "post_push_reward_mean": -4.229682331085205,
      "post_push_reward_std": 0.24253466888010325
    },
    "5.0": {
      "non_fall_rate": 0.0,
      "recovery_rate": 1.0,
      "mean_steps_to_recover": 20.14,
      "median_steps_to_recover": 20.0,
      "peak_tracking_error_mean": 5.359032864570618,
      "peak_tracking_error_std": 0.8858361013909873,
      "post_push_reward_mean": -4.3695359039306645,
      "post_push_reward_std": 0.30700821555306884
    },
    "6.0": {
      "non_fall_rate": 0.0,
      "recovery_rate": 0.98,
      "mean_steps_to_recover": 18.836734693877553,
      "median_steps_to_recover": 18.0,
      "peak_tracking_error_mean": 6.412829475402832,
      "peak_tracking_error_std": 0.747028394395109,
      "post_push_reward_mean": -4.405020236968994,
      "post_push_reward_std": 0.30402690030013435
    },
    "8.0": {
      "non_fall_rate": 0.04,
      "recovery_rate": 1.0,
      "mean_steps_to_recover": 20.36,
      "median_steps_to_recover": 19.5,
      "peak_tracking_error_mean": 8.053685493469239,
      "peak_tracking_error_std": 0.8141453899432795,
      "post_push_reward_mean": -4.8441602230072025,
      "post_push_reward_std": 0.6842754422958384
    }
  }
}