{
  "checkpoint": "outputs/flat/lstm_full/seed_42/20260316_203335/checkpoints/best.pt",
  "task": "flat",
  "model": "lstm",
  "seed": 42,
  "num_episodes": 100,
  "timestamp": "2026-03-17T06:31:40.046439",
  "wall_time_s": 10.5,
  "episode_reward/mean": -4.697264317103794,
  "episode_reward/std": 0.12494559473414713,
  "episode_reward/min": -4.924238204956055,
  "episode_reward/max": -4.41183614730835,
  "episode_length/mean": 29.228571428571428,
  "episode_length/std": 0.5564709012568206,
  "episode_length/min": 28.0,
  "episode_length/max": 31.0
}