{
  "checkpoint": "outputs/randomized/dynamite_no_aux_no_aux_loss/seed_42/20260316_212323/checkpoints/best.pt",
  "task": "randomized",
  "model": "dynamite_no_aux",
  "seed": 42,
  "num_episodes": 50,
  "timestamp": "2026-03-16T22:28:09.660924",
  "wall_time_s": 11.05,
  "episode_reward/mean": -5.084990921020508,
  "episode_reward/std": 0.35672755785927407,
  "episode_reward/min": -6.2768144607543945,
  "episode_reward/max": -4.5971293449401855,
  "episode_length/mean": 29.12,
  "episode_length/std": 4.589727660765941,
  "episode_length/min": 24.0,
  "episode_length/max": 47.0
}