{
  "checkpoint": "outputs/randomized/dynamite_single_latent_single_latent/seed_42/20260316_211953/checkpoints/best.pt",
  "task": "randomized",
  "model": "dynamite_single_latent",
  "seed": 42,
  "num_episodes": 50,
  "timestamp": "2026-03-16T22:29:31.061755",
  "wall_time_s": 11.87,
  "episode_reward/mean": -5.027840919494629,
  "episode_reward/std": 0.21986490313909218,
  "episode_reward/min": -5.66069221496582,
  "episode_reward/max": -4.640406131744385,
  "episode_length/mean": 39.32,
  "episode_length/std": 4.154226763189511,
  "episode_length/min": 30.0,
  "episode_length/max": 51.0
}