{
  "dynamite": {
    "friction": {
      "mean": 0.05419722490353642,
      "std": 0.020681874912391825,
      "n": 5
    },
    "mass": {
      "mean": 0.09051938667509685,
      "std": 0.010180287377118612,
      "n": 5
    },
    "motor": {
      "mean": 0.036636725927427706,
      "std": 0.031188349298207338,
      "n": 5
    },
    "contact": {
      "mean": 0.02635790752083551,
      "std": 0.010921667706061084,
      "n": 5
    },
    "delay": {
      "mean": 0.00711680588271868,
      "std": 0.0037512097388840426,
      "n": 5
    },
    "overall": {
      "mean": 0.2332537311310018,
      "std": 0.05147380382370541,
      "n": 5
    }
  },
  "lstm": {
    "friction": {
      "mean": 0.02400624522181461,
      "std": 0.019809160585598486,
      "n": 5
    },
    "mass": {
      "mean": 0.010729960999521063,
      "std": 0.01283768819553468,
      "n": 5
    },
    "motor": {
      "mean": 0.012772405529211392,
      "std": 0.015233112634078585,
      "n": 5
    },
    "contact": {
      "mean": 0.00991317004263401,
      "std": 0.015021031544750988,
      "n": 5
    },
    "delay": {
      "mean": 0.00485203243456781,
      "std": 0.002945220109902337,
      "n": 5
    },
    "overall": {
      "mean": 0.027786653225708502,
      "std": 0.0326405024099644,
      "n": 5
    }
  }
}