{
  "checkpoint": "outputs/randomized/dynamite_depth4_depth_4/seed_42/20260316_213007/checkpoints/best.pt",
  "task": "randomized",
  "model": "dynamite_depth4",
  "seed": 42,
  "num_episodes": 50,
  "timestamp": "2026-03-16T22:27:27.285298",
  "wall_time_s": 11.44,
  "episode_reward/mean": -4.7636420433981375,
  "episode_reward/std": 0.14789982134633792,
  "episode_reward/min": -5.11643123626709,
  "episode_reward/max": -4.473730087280273,
  "episode_length/mean": 18.912280701754387,
  "episode_length/std": 0.707868105327439,
  "episode_length/min": 18.0,
  "episode_length/max": 22.0
}